Funktionsname,Component
AddToErrorLog,Plugin
CF,FM
CGPSConverter.Convert,Utility
CLibrary.GetTag,CFunction
CLibrary.List,CFunction
CLibrary.Load,CFunction
CLibrary.LoadFunction,CFunction
CLibrary.Name,CFunction
CLibrary.Release,CFunction
CLibrary.ReleaseAll,CFunction
CLibrary.SetTag,CFunction
CLibrary.Symbols,CFunction
CNContact.AddEmailAddress,Contacts
CNContact.AddInstantMessage,Contacts
CNContact.AddInstantMessageJSON,Contacts
CNContact.AddPhoneNumber,Contacts
CNContact.AddPostalAddress,Contacts
CNContact.AddPostalAddressJSON,Contacts
CNContact.AddRelation,Contacts
CNContact.AddSocialProfile,Contacts
CNContact.AddSocialProfileJSON,Contacts
CNContact.AddURLAddress,Contacts
CNContact.DeleteValue,Contacts
CNContact.EditInAddressbook,Contacts
CNContact.HasValue,Contacts
CNContact.IsUnifiedWithContact,Contacts
CNContact.JSON,Contacts
CNContact.MailingAddress,Contacts
CNContact.Name,Contacts
CNContactPicker.Close,Contacts
CNContactPicker.Current,Contacts
CNContactPicker.SetTrigger,Contacts
CNContactPicker.Show,Contacts
CNContact.SetValue,Contacts
CNContact.Show,Contacts
CNContact.ShowInAddressbook,Contacts
CNContactStore.AddContact,Contacts
CNContactStore.AddGroup,Contacts
CNContactStore.AddMember,Contacts
CNContactStore.AddSubgroup,Contacts
CNContactStore.AuthorizationError,Contacts
CNContactStore.AuthorizationStatus,Contacts
CNContactStore.ChangeHistory,Contacts
CNContactStore.Contacts,Contacts
CNContactStore.ContactsInContainer,Contacts
CNContactStore.ContactsInGroup,Contacts
CNContactStore.ContactsMatchingEmailAddress,Contacts
CNContactStore.ContactsMatchingName,Contacts
CNContactStore.ContactsMatchingPhoneNumber,Contacts
CNContactStore.ContactsMatchingURL,Contacts
CNContactStore.ContactsWithData,Contacts
CNContactStore.ContainerForContact,Contacts
CNContactStore.ContainerForGroup,Contacts
CNContactStore.Containers,Contacts
CNContactStore.Country,Contacts
CNContactStore.DataWithContacts,Contacts
CNContactStore.DefaultContainerIdentifier,Contacts
CNContactStore.DeleteContact,Contacts
CNContactStore.DeleteGroup,Contacts
CNContactStore.FetchContact,Contacts
CNContactStore.GetTransactionAuthor,Contacts
CNContactStore.GroupHierarchy,Contacts
CNContactStore.Groups,Contacts
CNContactStore.GroupsByName,Contacts
CNContactStore.GroupsForContact,Contacts
CNContactStore.GroupsInContainer,Contacts
CNContactStore.NewContact,Contacts
CNContactStore.RemoveMember,Contacts
CNContactStore.RemoveSubgroup,Contacts
CNContactStore.RenameGroup,Contacts
CNContactStore.RequestAccesss,Contacts
CNContactStore.SetChangeScript,Contacts
CNContactStore.SetTransactionAuthor,Contacts
CNContactStore.Subgroups,Contacts
CNContactStore.UnifiedMeContact,Contacts
CNContactStore.UpdateContact,Contacts
CNContact.UnifiedContacts,Contacts
CNContact.Value,Contacts
CNContainer.Name,Contacts
CNContainer.Type,Contacts
CNGroup.Name,Contacts
ClearErrors,Plugin
ClearRegistration,Plugin
CompileDate,Plugin
CompileTime,Plugin
ContinuityCamera.Clear,ImagePicker
ContinuityCamera.Import,ImagePicker
ContinuityCamera.PopupMenu,ImagePicker
ContinuityCamera.Result,ImagePicker
ContinuityCamera.SetScriptTrigger,ImagePicker
CoreImage.Detect,CoreML
DocumentPicker.Dismiss,FileDialog
DocumentPicker.Export,FileDialog
DocumentPicker.File,FileDialog
DocumentPicker.FileCount,FileDialog
DocumentPicker.Files,FileDialog
DocumentPicker.Import,FileDialog
DocumentPicker.IsVisible,FileDialog
DocumentPicker.Move,FileDialog
DocumentPicker.Open,FileDialog
DocumentPicker.SetTrigger,FileDialog
ECKey.BuiltInCurves,Sign
ECKey.BuiltInCurvesJSON,Sign
ECKey.CanSign,Sign
ECKey.CurveNameToID,Encryption
ECKey.Description,Sign
ECKey.Duplicate,Sign
ECKey.ES256Sign,Sign
ECKey.ES256Verify,Sign
ECKey.Generate,Sign
ECKey.List,Sign
ECKey.PrivateKey,Sign
ECKey.PublicKey,Sign
ECKey.ReadPrivateKey,Sign
ECKey.ReadPublicKey,Sign
ECKey.Release,Sign
ECKey.ReleaseAll,Sign
ECKey.Sign,Sign
ECKey.Size,Sign
ECKey.Valid,Sign
ECKey.Verify,Sign
Email.Verify,Utility
ErrorLog,Plugin
FileDialogWatcher.GetLastPath,FileDialog
FileDialogWatcher.Install,FileDialog
FontManager.FontFile,Font
FontManager.ImageWithSystemSymbolName,Font
FontManager.ListFontFamilies,Font
FontManager.ListFonts,Font
GMImage.AdaptiveThreshold,GraphicsMagick
GMImage.AddNoise,GraphicsMagick
GMImage.AddNoiseChannel,GraphicsMagick
GMImage.AddPathArcAbs,GraphicsMagick
GMImage.AddPathArcRel,GraphicsMagick
GMImage.AddPathClosePath,GraphicsMagick
GMImage.AddPathCurvetoAbs,GraphicsMagick
GMImage.AddPathCurvetoRel,GraphicsMagick
GMImage.AddPathLinetoAbs,GraphicsMagick
GMImage.AddPathLinetoHorizontalAbs,GraphicsMagick
GMImage.AddPathLinetoHorizontalRel,GraphicsMagick
GMImage.AddPathLinetoRel,GraphicsMagick
GMImage.AddPathLinetoVerticalAbs,GraphicsMagick
GMImage.AddPathLinetoVerticalRel,GraphicsMagick
GMImage.AddPathMovetoAbs,GraphicsMagick
GMImage.AddPathMovetoRel,GraphicsMagick
GMImage.AddPathQuadraticCurvetoAbs,GraphicsMagick
GMImage.AddPathQuadraticCurvetoRel,GraphicsMagick
GMImage.AddPathSmoothCurvetoAbs,GraphicsMagick
GMImage.AddPathSmoothCurvetoRel,GraphicsMagick
GMImage.AddPathSmoothQuadraticCurvetoAbs,GraphicsMagick
GMImage.AddPathSmoothQuadraticCurvetoRel,GraphicsMagick
GMImage.Affine,GraphicsMagick
GMImage.Annotate,GraphicsMagick
GMImage.AutoOrient,GraphicsMagick
GMImage.AveragePixelValue,GraphicsMagick
GMImage.BaseColumns,GraphicsMagick
GMImage.BaseFilename,GraphicsMagick
GMImage.BaseRows,GraphicsMagick
GMImage.Blur,GraphicsMagick
GMImage.BlurChannel,GraphicsMagick
GMImage.Border,GraphicsMagick
GMImage.BoundingBox,GraphicsMagick
GMImage.Channel,GraphicsMagick
GMImage.Charcoal,GraphicsMagick
GMImage.Chop,GraphicsMagick
GMImage.ClipMask,GraphicsMagick
GMImage.ClipPath,GraphicsMagick
GMImage.Coders,GraphicsMagick
GMImage.Colorize,GraphicsMagick
GMImage.ColorizeRGB,GraphicsMagick
GMImage.Columns,GraphicsMagick
GMImage.Compare,GraphicsMagick
GMImage.Composite,GraphicsMagick
GMImage.CompositeXY,GraphicsMagick
GMImage.Contrast,GraphicsMagick
GMImage.Copy,GraphicsMagick
GMImage.CopyChannel,GraphicsMagick
GMImage.Crop,GraphicsMagick
GMImage.CycleColormap,GraphicsMagick
GMImage.Describe,GraphicsMagick
GMImage.Despeckle,GraphicsMagick
GMImage.Directory,GraphicsMagick
GMImage.DrawArc,GraphicsMagick
GMImage.DrawCircle,GraphicsMagick
GMImage.DrawEllipse,GraphicsMagick
GMImage.DrawLine,GraphicsMagick
GMImage.DrawPath,GraphicsMagick
GMImage.DrawRectangle,GraphicsMagick
GMImage.DrawRoundRectangle,GraphicsMagick
GMImage.Edge,GraphicsMagick
GMImage.Emboss,GraphicsMagick
GMImage.Enhance,GraphicsMagick
GMImage.Equalize,GraphicsMagick
GMImage.Erase,GraphicsMagick
GMImage.ExifThumbnail,GraphicsMagick
GMImage.Extent,GraphicsMagick
GMImage.FillPattern,GraphicsMagick
GMImage.FindColorInColumn,GraphicsMagick
GMImage.FindColorInRow,GraphicsMagick
GMImage.Flatten,GraphicsMagick
GMImage.Flip,GraphicsMagick
GMImage.FloodFillColor,GraphicsMagick
GMImage.FloodFillColorXY,GraphicsMagick
GMImage.FloodFillOpacity,GraphicsMagick
GMImage.FloodFillTexture,GraphicsMagick
GMImage.FloodFillTextureXY,GraphicsMagick
GMImage.Flop,GraphicsMagick
GMImage.FontMap,GraphicsMagick
GMImage.FontTypeMetrics,GraphicsMagick
GMImage.Format,GraphicsMagick
GMImage.Frame,GraphicsMagick
GMImage.Free,GraphicsMagick
GMImage.FreeAll,GraphicsMagick
GMImage.Gamma,GraphicsMagick
GMImage.GaussianBlur,GraphicsMagick
GMImage.GaussianBlurChannel,GraphicsMagick
GMImage.Geometry,GraphicsMagick
GMImage.GetAdjoin,GraphicsMagick
GMImage.GetAnimationDelay,GraphicsMagick
GMImage.GetAnimationIterations,GraphicsMagick
GMImage.GetAntiAlias,GraphicsMagick
GMImage.GetAttribute,GraphicsMagick
GMImage.GetAttributeNames,GraphicsMagick
GMImage.GetAttributesJSON,GraphicsMagick
GMImage.GetBackgroundColor,GraphicsMagick
GMImage.GetBackgroundTexture,GraphicsMagick
GMImage.GetBorderColor,GraphicsMagick
GMImage.GetBoxColor,GraphicsMagick
GMImage.GetChannelDepth,GraphicsMagick
GMImage.GetClassType,GraphicsMagick
GMImage.GetClipMask,GraphicsMagick
GMImage.GetColorFuzz,GraphicsMagick
GMImage.GetColorMapSize,GraphicsMagick
GMImage.GetColorSpace,GraphicsMagick
GMImage.GetComment,GraphicsMagick
GMImage.GetCompose,GraphicsMagick
GMImage.GetCompressType,GraphicsMagick
GMImage.GetDebug,GraphicsMagick
GMImage.GetDefineSet,GraphicsMagick
GMImage.GetDefineValue,GraphicsMagick
GMImage.GetDensity,GraphicsMagick
GMImage.GetDepth,GraphicsMagick
GMImage.GetEXIFOrientation,GraphicsMagick
GMImage.GetEndian,GraphicsMagick
GMImage.GetFileName,GraphicsMagick
GMImage.GetFileSize,GraphicsMagick
GMImage.GetFillColor,GraphicsMagick
GMImage.GetFillRule,GraphicsMagick
GMImage.GetFilterType,GraphicsMagick
GMImage.GetFont,GraphicsMagick
GMImage.GetFontFamily,GraphicsMagick
GMImage.GetFontPointSize,GraphicsMagick
GMImage.GetFontStretch,GraphicsMagick
GMImage.GetFontStyle,GraphicsMagick
GMImage.GetFontWeight,GraphicsMagick
GMImage.GetGamma,GraphicsMagick
GMImage.GetGifDisposeMethod,GraphicsMagick
GMImage.GetHeight,GraphicsMagick
GMImage.GetICCColorProfile,GraphicsMagick
GMImage.GetIPTCProfile,GraphicsMagick
GMImage.GetIPTCProfileValues,GraphicsMagick
GMImage.GetInterlaceType,GraphicsMagick
GMImage.GetIsValid,GraphicsMagick
GMImage.GetJPEGAsBase64,GraphicsMagick
GMImage.GetJPEGAsHex,GraphicsMagick
GMImage.GetLabel,GraphicsMagick
GMImage.GetLineWidth,GraphicsMagick
GMImage.GetMagick,GraphicsMagick
GMImage.GetMatte,GraphicsMagick
GMImage.GetMatteColor,GraphicsMagick
GMImage.GetModulusDepth,GraphicsMagick
GMImage.GetMonochrome,GraphicsMagick
GMImage.GetOrientation,GraphicsMagick
GMImage.GetPNGAsBase64,GraphicsMagick
GMImage.GetPNGAsHex,GraphicsMagick
GMImage.GetPage,GraphicsMagick
GMImage.GetPixelColor,GraphicsMagick
GMImage.GetProfile,GraphicsMagick
GMImage.GetQuality,GraphicsMagick
GMImage.GetQuantizeColorSpace,GraphicsMagick
GMImage.GetQuantizeColors,GraphicsMagick
GMImage.GetQuantizeDither,GraphicsMagick
GMImage.GetQuantizeTreeDepth,GraphicsMagick
GMImage.GetQuiet,GraphicsMagick
GMImage.GetRenderingIntent,GraphicsMagick
GMImage.GetResolutionUnits,GraphicsMagick
GMImage.GetScene,GraphicsMagick
GMImage.GetSize,GraphicsMagick
GMImage.GetStrokeAntiAlias,GraphicsMagick
GMImage.GetStrokeColor,GraphicsMagick
GMImage.GetStrokeDashArray,GraphicsMagick
GMImage.GetStrokeDashOffset,GraphicsMagick
GMImage.GetStrokeLineCap,GraphicsMagick
GMImage.GetStrokeLineJoin,GraphicsMagick
GMImage.GetStrokeMiterLimit,GraphicsMagick
GMImage.GetStrokeWidth,GraphicsMagick
GMImage.GetSubImage,GraphicsMagick
GMImage.GetSubRange,GraphicsMagick
GMImage.GetTextEncoding,GraphicsMagick
GMImage.GetTileName,GraphicsMagick
GMImage.GetType,GraphicsMagick
GMImage.GetVerbose,GraphicsMagick
GMImage.GetView,GraphicsMagick
GMImage.GetWidth,GraphicsMagick
GMImage.GetXMP,GraphicsMagick
GMImage.GetZPL,GraphicsMagick
GMImage.GetColorMap,GraphicsMagick
GMImage.Hash,GraphicsMagick
GMImage.ImageCount,GraphicsMagick
GMImage.Implode,GraphicsMagick
GMImage.InvertChannel,GraphicsMagick
GMImage.IsGray,GraphicsMagick
GMImage.IsLoggingEnabled,GraphicsMagick
GMImage.Level,GraphicsMagick
GMImage.LevelChannel,GraphicsMagick
GMImage.List,GraphicsMagick
GMImage.ListTypeInfo,GraphicsMagick
GMImage.MagickVersion,GraphicsMagick
GMImage.Magnify,GraphicsMagick
GMImage.Map,GraphicsMagick
GMImage.MatteFloodfill,GraphicsMagick
GMImage.MeanErrorPerPixel,GraphicsMagick
GMImage.MedianFilter,GraphicsMagick
GMImage.Minify,GraphicsMagick
GMImage.Modulate,GraphicsMagick
GMImage.MontageGeometry,GraphicsMagick
GMImage.MotionBlur,GraphicsMagick
GMImage.MultiplyChannel,GraphicsMagick
GMImage.Negate,GraphicsMagick
GMImage.New,GraphicsMagick
GMImage.NewFromBase64,GraphicsMagick
GMImage.NewFromContainer,GraphicsMagick
GMImage.NewFromFile,GraphicsMagick
GMImage.NewFromHex,GraphicsMagick
GMImage.NewImagesFromContainer,GraphicsMagick
GMImage.NewImagesFromFile,GraphicsMagick
GMImage.Normalize,GraphicsMagick
GMImage.NormalizedMaxError,GraphicsMagick
GMImage.NormalizedMeanError,GraphicsMagick
GMImage.OilPaint,GraphicsMagick
GMImage.Opacity,GraphicsMagick
GMImage.Opaque,GraphicsMagick
GMImage.Ping,GraphicsMagick
GMImage.PingContainer,GraphicsMagick
GMImage.PopClipPath,GraphicsMagick
GMImage.PurgeTemporaryFiles,GraphicsMagick
GMImage.PushClipPath,GraphicsMagick
GMImage.Quantize,GraphicsMagick
GMImage.QuantumDepth,GraphicsMagick
GMImage.Raise,GraphicsMagick
GMImage.RandomThreshold,GraphicsMagick
GMImage.RandomThresholdChannel,GraphicsMagick
GMImage.Read,GraphicsMagick
GMImage.ReadContainer,GraphicsMagick
GMImage.ReduceNoise,GraphicsMagick
GMImage.Release,GraphicsMagick
GMImage.ReleaseAll,GraphicsMagick
GMImage.Repage,GraphicsMagick
GMImage.ReplaceColor,GraphicsMagick
GMImage.Resize,GraphicsMagick
GMImage.Roll,GraphicsMagick
GMImage.Rollxy,GraphicsMagick
GMImage.Rotate,GraphicsMagick
GMImage.Rotating,GraphicsMagick
GMImage.Rows,GraphicsMagick
GMImage.Sample,GraphicsMagick
GMImage.Scale,GraphicsMagick
GMImage.Scaling,GraphicsMagick
GMImage.Segment,GraphicsMagick
GMImage.SetAdjoin,GraphicsMagick
GMImage.SetAnimationDelay,GraphicsMagick
GMImage.SetAnimationIterations,GraphicsMagick
GMImage.SetAntiAlias,GraphicsMagick
GMImage.SetAttribute,GraphicsMagick
GMImage.SetBackgroundColor,GraphicsMagick
GMImage.SetBackgroundTexture,GraphicsMagick
GMImage.SetBorderColor,GraphicsMagick
GMImage.SetBoxColor,GraphicsMagick
GMImage.SetCacheThreshold,GraphicsMagick
GMImage.SetClassType,GraphicsMagick
GMImage.SetColorFuzz,GraphicsMagick
GMImage.SetColorMapSize,GraphicsMagick
GMImage.SetColorSpace,GraphicsMagick
GMImage.SetComment,GraphicsMagick
GMImage.SetCompose,GraphicsMagick
GMImage.SetCompressType,GraphicsMagick
GMImage.SetDebug,GraphicsMagick
GMImage.SetDefineSet,GraphicsMagick
GMImage.SetDefineValue,GraphicsMagick
GMImage.SetDensity,GraphicsMagick
GMImage.SetDepth,GraphicsMagick
GMImage.SetEXIFOrientation,GraphicsMagick
GMImage.SetEndian,GraphicsMagick
GMImage.SetFileName,GraphicsMagick
GMImage.SetFillColor,GraphicsMagick
GMImage.SetFillRule,GraphicsMagick
GMImage.SetFilterType,GraphicsMagick
GMImage.SetFont,GraphicsMagick
GMImage.SetFontFamily,GraphicsMagick
GMImage.SetFontPointSize,GraphicsMagick
GMImage.SetFontStretch,GraphicsMagick
GMImage.SetFontStyle,GraphicsMagick
GMImage.SetFontWeight,GraphicsMagick
GMImage.SetGifDisposeMethod,GraphicsMagick
GMImage.SetICCColorProfile,GraphicsMagick
GMImage.SetIPTCProfile,GraphicsMagick
GMImage.SetInterlaceType,GraphicsMagick
GMImage.SetIsValid,GraphicsMagick
GMImage.SetLabel,GraphicsMagick
GMImage.SetLineWidth,GraphicsMagick
GMImage.SetLogEventMask,GraphicsMagick
GMImage.SetMagick,GraphicsMagick
GMImage.SetMatte,GraphicsMagick
GMImage.SetMatteColor,GraphicsMagick
GMImage.SetModulusDepth,GraphicsMagick
GMImage.SetMonochrome,GraphicsMagick
GMImage.SetOrientation,GraphicsMagick
GMImage.SetPage,GraphicsMagick
GMImage.SetPixelColor,GraphicsMagick
GMImage.SetProfile,GraphicsMagick
GMImage.SetQuality,GraphicsMagick
GMImage.SetQuantizeColorSpace,GraphicsMagick
GMImage.SetQuantizeColors,GraphicsMagick
GMImage.SetQuantizeDither,GraphicsMagick
GMImage.SetQuantizeTreeDepth,GraphicsMagick
GMImage.SetQuiet,GraphicsMagick
GMImage.SetRenderingIntent,GraphicsMagick
GMImage.SetResolutionUnits,GraphicsMagick
GMImage.SetScene,GraphicsMagick
GMImage.SetSize,GraphicsMagick
GMImage.SetStrokeAntiAlias,GraphicsMagick
GMImage.SetStrokeColor,GraphicsMagick
GMImage.SetStrokeDashArray,GraphicsMagick
GMImage.SetStrokeDashOffset,GraphicsMagick
GMImage.SetStrokeLineCap,GraphicsMagick
GMImage.SetStrokeLineJoin,GraphicsMagick
GMImage.SetStrokeMiterLimit,GraphicsMagick
GMImage.SetStrokeWidth,GraphicsMagick
GMImage.SetSubImage,GraphicsMagick
GMImage.SetSubRange,GraphicsMagick
GMImage.SetTextEncoding,GraphicsMagick
GMImage.SetTileName,GraphicsMagick
GMImage.SetType,GraphicsMagick
GMImage.SetVerbose,GraphicsMagick
GMImage.SetView,GraphicsMagick
GMImage.SetXMP,GraphicsMagick
GMImage.SetChannelDepth,GraphicsMagick
GMImage.SetColorMap,GraphicsMagick
GMImage.Shade,GraphicsMagick
GMImage.Sharpen,GraphicsMagick
GMImage.SharpenChannel,GraphicsMagick
GMImage.Shave,GraphicsMagick
GMImage.Shear,GraphicsMagick
GMImage.Signature,GraphicsMagick
GMImage.SkewX,GraphicsMagick
GMImage.SkewY,GraphicsMagick
GMImage.Solarize,GraphicsMagick
GMImage.Spread,GraphicsMagick
GMImage.Statistics,GraphicsMagick
GMImage.Stegano,GraphicsMagick
GMImage.Stereo,GraphicsMagick
GMImage.Strip,GraphicsMagick
GMImage.StrokePattern,GraphicsMagick
GMImage.Swirl,GraphicsMagick
GMImage.Texture,GraphicsMagick
GMImage.Threshold,GraphicsMagick
GMImage.TotalColors,GraphicsMagick
GMImage.Transform,GraphicsMagick
GMImage.TransformOrigin,GraphicsMagick
GMImage.TransformReset,GraphicsMagick
GMImage.TransformRotation,GraphicsMagick
GMImage.TransformScale,GraphicsMagick
GMImage.TransformSkewX,GraphicsMagick
GMImage.TransformSkewY,GraphicsMagick
GMImage.Translation,GraphicsMagick
GMImage.Transparent,GraphicsMagick
GMImage.Trim,GraphicsMagick
GMImage.Unsharpmask,GraphicsMagick
GMImage.UnsharpmaskChannel,GraphicsMagick
GMImage.Wave,GraphicsMagick
GMImage.WriteImages,GraphicsMagick
GMImage.WriteToBMPContainer,GraphicsMagick
GMImage.WriteToContainer,GraphicsMagick
GMImage.WriteToFile,GraphicsMagick
GMImage.WriteToGIFContainer,GraphicsMagick
GMImage.WriteToJPEGContainer,GraphicsMagick
GMImage.WriteToPDFContainer,GraphicsMagick
GMImage.WriteToPNGContainer,GraphicsMagick
GMImage.WriteToTiffContainer,GraphicsMagick
GMImage.WriteToWebPContainer,GraphicsMagick
GMImage.XResolution,GraphicsMagick
GMImage.YResolution,GraphicsMagick
GMImage.Zoom,GraphicsMagick
GZipFile.Compress,Compression
GZipFile.Decompress,Compression
GetSystemUIMode,SystemUIMode
GetSystemUIModeOptions,SystemUIMode
HadErrors,Plugin
IKDeviceBrowserPanel.Close,ImageCapture
IKDeviceBrowserPanel.GetCancelButtonLabel,ImageCapture
IKDeviceBrowserPanel.GetDisplaysLocalCameras,ImageCapture
IKDeviceBrowserPanel.GetDisplaysLocalScanners,ImageCapture
IKDeviceBrowserPanel.GetDisplaysNetworkCameras,ImageCapture
IKDeviceBrowserPanel.GetDisplaysNetworkScanners,ImageCapture
IKDeviceBrowserPanel.GetHeight,ImageCapture
IKDeviceBrowserPanel.GetMode,ImageCapture
IKDeviceBrowserPanel.GetPrompt,ImageCapture
IKDeviceBrowserPanel.GetSelectButtonLabel,ImageCapture
IKDeviceBrowserPanel.GetWidth,ImageCapture
IKDeviceBrowserPanel.GetWindowTitle,ImageCapture
IKDeviceBrowserPanel.Hide,ImageCapture
IKDeviceBrowserPanel.Reset,ImageCapture
IKDeviceBrowserPanel.SelectedDeviceID,ImageCapture
IKDeviceBrowserPanel.SelectedDeviceName,ImageCapture
IKDeviceBrowserPanel.SetCancelButtonLabel,ImageCapture
IKDeviceBrowserPanel.SetDisplaysLocalCameras,ImageCapture
IKDeviceBrowserPanel.SetDisplaysLocalScanners,ImageCapture
IKDeviceBrowserPanel.SetDisplaysNetworkCameras,ImageCapture
IKDeviceBrowserPanel.SetDisplaysNetworkScanners,ImageCapture
IKDeviceBrowserPanel.SetHeight,ImageCapture
IKDeviceBrowserPanel.SetMode,ImageCapture
IKDeviceBrowserPanel.SetPrompt,ImageCapture
IKDeviceBrowserPanel.SetSelectButtonLabel,ImageCapture
IKDeviceBrowserPanel.SetTrigger,ImageCapture
IKDeviceBrowserPanel.SetWidth,ImageCapture
IKDeviceBrowserPanel.SetWindowTitle,ImageCapture
IKDeviceBrowserPanel.Show,ImageCapture
IKDeviceBrowserPanel.Visible,ImageCapture
IKScannerDevicePanel.ClearImage,ImageCapture
IKScannerDevicePanel.Close,ImageCapture
IKScannerDevicePanel.GetCombine,ImageCapture
IKScannerDevicePanel.GetDocumentName,ImageCapture
IKScannerDevicePanel.GetDownloadsDirectory,ImageCapture
IKScannerDevicePanel.GetHeight,ImageCapture
IKScannerDevicePanel.GetMode,ImageCapture
IKScannerDevicePanel.GetOverviewControlLabel,ImageCapture
IKScannerDevicePanel.GetScanControlLabel,ImageCapture
IKScannerDevicePanel.GetScannerDeviceID,ImageCapture
IKScannerDevicePanel.GetScannerDeviceName,ImageCapture
IKScannerDevicePanel.GetWidth,ImageCapture
IKScannerDevicePanel.GetWindowTitle,ImageCapture
IKScannerDevicePanel.Hide,ImageCapture
IKScannerDevicePanel.ImageCount,ImageCapture
IKScannerDevicePanel.NextImage,ImageCapture
IKScannerDevicePanel.Reset,ImageCapture
IKScannerDevicePanel.SetCloseTrigger,ImageCapture
IKScannerDevicePanel.SetCombine,ImageCapture
IKScannerDevicePanel.SetDocumentName,ImageCapture
IKScannerDevicePanel.SetDownloadsDirectory,ImageCapture
IKScannerDevicePanel.SetHeight,ImageCapture
IKScannerDevicePanel.SetMode,ImageCapture
IKScannerDevicePanel.SetOverviewControlLabel,ImageCapture
IKScannerDevicePanel.SetScanControlLabel,ImageCapture
IKScannerDevicePanel.SetScannerDeviceID,ImageCapture
IKScannerDevicePanel.SetScannerDeviceName,ImageCapture
IKScannerDevicePanel.SetTrigger,ImageCapture
IKScannerDevicePanel.SetWidth,ImageCapture
IKScannerDevicePanel.SetWindowTitle,ImageCapture
IKScannerDevicePanel.Show,ImageCapture
IKScannerDevicePanel.Visible,ImageCapture
Icon.ClearIcon,QuickLook
Icon.GetIcon,QuickLook
Icon.GetIconWithQuickLook,QuickLook
Icon.SetIcon,QuickLook
Is64bit,Plugin
IsClient,Plugin
IsError,Plugin
IsIOS,Plugin
IsIOSDevice,Plugin
IsIOSSimulator,Plugin
IsLinux,Plugin
IsMacOS,Plugin
IsMobile,Plugin
IsRegistered,Plugin
IsRuntime,Plugin
IsServer,Plugin
IsWindows,Plugin
JS.AddFileMakerEvaluateFunction,JavaScript
JS.AddFileMakerRunScriptFunction,JavaScript
JS.AddFileMakerSQLFunction,JavaScript
JS.AddFunction,JavaScript
JS.CF,JavaScript
JS.CallFunction,JavaScript
JS.CallFunctionValues,JavaScript
JS.Evaluate,JavaScript
JS.EvaluateToString,JavaScript
JS.GetGlobalProperty,JavaScript
JS.GetGlobalPropertyValue,JavaScript
JS.InitModules,JavaScript
JS.List,JavaScript
JS.New,JavaScript
JS.Now,JavaScript
JS.ObjectCount,JavaScript
JS.Release,JavaScript
JS.ReleaseAll,JavaScript
JS.SetGlobalProperty,JavaScript
JS.SetGlobalPropertyValue,JavaScript
JS.StringCount,JavaScript
JS.TimeToDateComponents,JavaScript
JS.TimeToUTCDate,JavaScript
JS.UTCDateToTime,JavaScript
JavaScript.Available,JavaScriptWebKit
JavaScript.CF,JavaScriptWebKit
JavaScript.CallFunction,JavaScriptWebKit
JavaScript.CheckScriptSyntax,JavaScriptWebKit
JavaScript.EvaluateScript,JavaScriptWebKit
JavaScript.GetProperty,JavaScriptWebKit
JavaScript.GetPropertyJSON,JavaScriptWebKit
JavaScript.HasProperty,JavaScriptWebKit
JavaScript.List,JavaScriptWebKit
JavaScript.LoadLibrary,JavaScriptWebKit
JavaScript.New,JavaScriptWebKit
JavaScript.RegisterEvaluateFunction,JavaScriptWebKit
JavaScript.RegisterFunction,JavaScriptWebKit
JavaScript.RegisterRunScriptFunction,JavaScriptWebKit
JavaScript.RegisterSQLQueryFunction,JavaScriptWebKit
JavaScript.Release,JavaScriptWebKit
JavaScript.ReleaseAll,JavaScriptWebKit
JavaScript.SetProperty,JavaScriptWebKit
JavaScript.SetPropertyJSON,JavaScriptWebKit
LCMS.ProfileInfo,Utility
Log,Utility
MenuItem.CreateMenuItem,Menu
MenuItem.CreateSeparator,Menu
MenuItem.GetAlternate,Menu
MenuItem.GetAttributedTitle,Menu
MenuItem.GetBackColor,Menu
MenuItem.GetBold,Menu
MenuItem.GetEnabled,Menu
MenuItem.GetEvaluate,Menu
MenuItem.GetFontColor,Menu
MenuItem.GetFontName,Menu
MenuItem.GetFontSize,Menu
MenuItem.GetGroupID,Menu
MenuItem.GetHidden,Menu
MenuItem.GetImage,Menu
MenuItem.GetItalic,Menu
MenuItem.GetKeyEquivalent,Menu
MenuItem.GetKeyEquivalentModifierMask,Menu
MenuItem.GetMixedStateImage,Menu
MenuItem.GetOffStateImage,Menu
MenuItem.GetOnStateImage,Menu
MenuItem.GetParentItem,Menu
MenuItem.GetParentMenu,Menu
MenuItem.GetPath,Menu
MenuItem.GetRequireCommand,Menu
MenuItem.GetRequireControl,Menu
MenuItem.GetRequireOption,Menu
MenuItem.GetRequireShift,Menu
MenuItem.GetScriptFileName,Menu
MenuItem.GetScriptName,Menu
MenuItem.GetSelectable,Menu
MenuItem.GetState,Menu
MenuItem.GetStrikeOut,Menu
MenuItem.GetSubMenu,Menu
MenuItem.GetTag,Menu
MenuItem.GetTitle,Menu
MenuItem.GetToolTip,Menu
MenuItem.GetURL,Menu
MenuItem.GetUnderline,Menu
MenuItem.GetUserKeyEquivalent,Menu
MenuItem.HasSubmenu,Menu
MenuItem.IsSeparatorItem,Menu
MenuItem.List,Menu
MenuItem.Release,Menu
MenuItem.ReleaseAll,Menu
MenuItem.SetAlternate,Menu
MenuItem.SetAttributedTitle,Menu
MenuItem.SetBackColor,Menu
MenuItem.SetBold,Menu
MenuItem.SetEnabled,Menu
MenuItem.SetEvaluate,Menu
MenuItem.SetFontColor,Menu
MenuItem.SetFontName,Menu
MenuItem.SetFontSize,Menu
MenuItem.SetGroupID,Menu
MenuItem.SetHidden,Menu
MenuItem.SetImage,Menu
MenuItem.SetItalic,Menu
MenuItem.SetKeyEquivalent,Menu
MenuItem.SetKeyEquivalentModifierMask,Menu
MenuItem.SetMixedStateImage,Menu
MenuItem.SetOffStateImage,Menu
MenuItem.SetOnStateImage,Menu
MenuItem.SetRequireCommand,Menu
MenuItem.SetRequireControl,Menu
MenuItem.SetRequireOption,Menu
MenuItem.SetRequireShift,Menu
MenuItem.SetScriptAction,Menu
MenuItem.SetSelectable,Menu
MenuItem.SetState,Menu
MenuItem.SetStrikeOut,Menu
MenuItem.SetSubMenu,Menu
MenuItem.SetTag,Menu
MenuItem.SetTitle,Menu
MenuItem.SetToolTip,Menu
MenuItem.SetURL,Menu
MenuItem.SetUnderline,Menu
Modbus.CalculateRTUMessageCRC,Utility
MountNotification.Install,Files
MountNotification.Uninstall,Files
MouseCursor.Hide,Utility
MouseCursor.HideUntilMouseMoves,Utility
MouseCursor.Set,Utility
MouseCursor.Show,Utility
Msgbox,Utility
PKCS12.CA,Certificates
PKCS12.CACount,Certificates
PKCS12.Cert,Certificates
PKCS12.List,Certificates
PKCS12.PKey,Certificates
PKCS12.ReadFromContainer,Certificates
PKCS12.ReadFromFile,Certificates
PKCS12.Release,Certificates
PKCS12.ReleaseAll,Certificates
PKCS12.ShowDialog,Certificates
PKCS12.SignData,Certificates
PKCS7.List,Certificates
PKCS7.ReadFromContainer,Certificates
PKCS7.ReadFromFile,Certificates
PKCS7.Release,Certificates
PKCS7.ReleaseAll,Certificates
PKCS7.SignedDataCert,Certificates
PKCS7.SignedDataCertCount,Certificates
PKCS7.SignedDataContent,Certificates
PKey.Bits,Certificates
PKey.DescriptionPrivateKey,Certificates
PKey.DescriptionPublicKey,Certificates
PKey.GetPrivateKey,Certificates
PKey.GetPublicKey,Certificates
PKey.List,Certificates
PKey.Read,Certificates
PKey.ReadFromContainer,Certificates
PKey.ReadFromFile,Certificates
PKey.Release,Certificates
PKey.ReleaseAll,Certificates
PKey.Type,Certificates
PageSetupDialog.ClearOption,PrintDialog
PageSetupDialog.ClearOptions,PrintDialog
PageSetupDialog.Disable,PrintDialog
PageSetupDialog.Enable,PrintDialog
PageSetupDialog.GetLastSettings,PrintDialog
PageSetupDialog.GetNoDialog,PrintDialog
PageSetupDialog.GetOption,PrintDialog
PageSetupDialog.GetPaperHeight,PrintDialog
PageSetupDialog.GetPaperName,PrintDialog
PageSetupDialog.GetPaperOrientation,PrintDialog
PageSetupDialog.GetPaperWidth,PrintDialog
PageSetupDialog.GetPrinterName,PrintDialog
PageSetupDialog.GetScalingFactor,PrintDialog
PageSetupDialog.Install,PrintDialog
PageSetupDialog.Reset,PrintDialog
PageSetupDialog.SetNoDialog,PrintDialog
PageSetupDialog.SetOption,PrintDialog
PageSetupDialog.SetPaperHeight,PrintDialog
PageSetupDialog.SetPaperName,PrintDialog
PageSetupDialog.SetPaperOrientation,PrintDialog
PageSetupDialog.SetPaperWidth,PrintDialog
PageSetupDialog.SetPrinterName,PrintDialog
PageSetupDialog.SetScalingFactor,PrintDialog
Platform,Plugin
ProcessActivity.List,Process
ProcessActivity.Options,Process
ProcessActivity.Reason,Process
ProcessActivity.beginActivity,Process
ProcessActivity.endActivity,Process
QLPreviewPanel.AddContainer,QuickLook
QLPreviewPanel.AddFile,QuickLook
QLPreviewPanel.AddImage,QuickLook
QLPreviewPanel.AddPDF,QuickLook
QLPreviewPanel.Clear,QuickLook
QLPreviewPanel.CurrentPreviewItemIndex,QuickLook
QLPreviewPanel.CurrentPreviewItemPath,QuickLook
QLPreviewPanel.CurrentPreviewItemTitle,QuickLook
QLPreviewPanel.GetEditingAllowed,QuickLook
QLPreviewPanel.GetHeight,QuickLook
QLPreviewPanel.GetLeft,QuickLook
QLPreviewPanel.GetSharingAllowed,QuickLook
QLPreviewPanel.GetTop,QuickLook
QLPreviewPanel.GetWidth,QuickLook
QLPreviewPanel.Hide,QuickLook
QLPreviewPanel.IsVisible,QuickLook
QLPreviewPanel.Move,QuickLook
QLPreviewPanel.Resize,QuickLook
QLPreviewPanel.SavedFiles,QuickLook
QLPreviewPanel.SetCurrentPreviewItemIndex,QuickLook
QLPreviewPanel.SetDismissTrigger,QuickLook
QLPreviewPanel.SetEditingAllowed,QuickLook
QLPreviewPanel.SetSharingAllowed,QuickLook
QLPreviewPanel.Show,QuickLook
QuartzFilterManager.Filters,PDFKit
QuartzFilterManager.HidePanel,PDFKit
QuartzFilterManager.ShowPanel,PDFKit
QuickList.AddList,List
QuickList.AddMultiValue,List
QuickList.AddPostfix,List
QuickList.AddPrefix,List
QuickList.AddQuickList,List
QuickList.AddSQL,List
QuickList.AddValue,List
QuickList.And,List
QuickList.AndColumn,List
QuickList.BestMatch,List
QuickList.CSVSplit,List
QuickList.Clear,List
QuickList.Clone,List
QuickList.Count,List
QuickList.CountValuesMatching,List
QuickList.CrossProduct,List
QuickList.DeCombine,List
QuickList.DeleteColumn,List
QuickList.Deserialize,List
QuickList.Find,List
QuickList.FindDuplicateItems,List
QuickList.FindEquals,List
QuickList.FindUnequals,List
QuickList.GetColumn,List
QuickList.GetList,List
QuickList.GetValue,List
QuickList.HasDuplicateItems,List
QuickList.HasValue,List
QuickList.HasValues,List
QuickList.IndexOfFirstValueMatching,List
QuickList.InsertValue,List
QuickList.JSONArray,List
QuickList.JoinJSON,List
QuickList.List,List
QuickList.MatchesPostfix,List
QuickList.MatchesPrefix,List
QuickList.MatchesSubString,List
QuickList.New,List
QuickList.Not,List
QuickList.NotColumn,List
QuickList.Or,List
QuickList.OrColumn,List
QuickList.Pop,List
QuickList.PopFirst,List
QuickList.Push,List
QuickList.RegExMatch,List
QuickList.Release,List
QuickList.Remove,List
QuickList.RemoveDuplicateItems,List
QuickList.RemoveEmptyItems,List
QuickList.RemovePostfix,List
QuickList.RemovePrefix,List
QuickList.RemoveValue,List
QuickList.RemoveValues,List
QuickList.Reserve,List
QuickList.Reverse,List
QuickList.Serialize,List
QuickList.SetList,List
QuickList.SetValue,List
QuickList.Shuffle,List
QuickList.Sort,List
QuickList.SortWith,List
QuickList.SortWithEvaluate,List
QuickList.SubList,List
QuickList.Trim,List
QuickList.ValueIndex,List
QuickList.XOr,List
QuickList.XOrColumn,List
RSA.DecryptPrivateKey,Encryption
RSA.EncryptPrivateKey,Encryption
RSA.GeneratePrivateKey,Sign
RSA.GetPublicKey,Sign
RSA.PrivateDecrypt,Encryption
RSA.PrivateEncrypt,Encryption
RSA.PublicDecrypt,Encryption
RSA.PublicEncrypt,Encryption
RSA.Sign,Sign
RSA.SignPSS,Sign
RSA.Verify,Sign
RSA.VerifyPSS,Sign
Register,Plugin
Registration,Plugin
Screen.Count,Screenshot
Screen.DockHeight,Screenshot
Screen.DockWidth,Screenshot
Screen.Height,Screenshot
Screen.Left,Screenshot
Screen.Scale,Screenshot
Screen.Top,Screenshot
Screen.Width,Screenshot
Screenshot,Screenshot
ScreenshotRect,Screenshot
SendCommand,Utility
SetSystemUIMode,SystemUIMode
ShowURL,Utility
SocialRequest.AddParameter,Social
SocialRequest.ClearMultipartData,Social
SocialRequest.ClearParameter,Social
SocialRequest.GetAccount,Social
SocialRequest.GetMultiPartDataCount,Social
SocialRequest.GetParameterCount,Social
SocialRequest.GetRequestMethod,Social
SocialRequest.GetResponse,Social
SocialRequest.GetServiceType,Social
SocialRequest.GetURL,Social
SocialRequest.New,Social
SocialRequest.Perform,Social
SocialRequest.Release,Social
SocialRequest.SetAccount,Social
SocialRequest.SetRequestMethod,Social
SocialRequest.SetServiceType,Social
SocialRequest.SetURL,Social
SocialRequest.addMultipartContainer,Social
SocialRequest.addMultipartText,Social
SpeechRecognition.AuthorizationStatus,Speech
SpeechRecognition.Initialize,Speech
SpeechRecognition.IsInitialized,Speech
SpeechRecognition.Recognize,Speech
SpeechRecognition.RequestAuthorization,Speech
SpeechRecognition.SupportedLocales,Speech
SpeechRecognition.SupportsOnDeviceRecognition,Speech
StoreRegistration,Plugin
Time.Sleep,Utility
Time.UnixTimeStamp,Utility
Trace,Trace
UnZipFile.Close,Compression
UnZipFile.ExtractFiles,Compression
UnZipFile.GlobalComment,Compression
UnZipFile.ItemCRC,Compression
UnZipFile.ItemComment,Compression
UnZipFile.ItemCompressedSize,Compression
UnZipFile.ItemCompressionMethod,Compression
UnZipFile.ItemCount,Compression
UnZipFile.ItemDate,Compression
UnZipFile.ItemDiskNumberStart,Compression
UnZipFile.ItemExternalFileAttributes,Compression
UnZipFile.ItemFlag,Compression
UnZipFile.ItemInternalFileAttributes,Compression
UnZipFile.ItemName,Compression
UnZipFile.ItemSizeFileComment,Compression
UnZipFile.ItemSizeFileExtra,Compression
UnZipFile.ItemSizeFileName,Compression
UnZipFile.ItemUncompressedSize,Compression
UnZipFile.ItemVersion,Compression
UnZipFile.ItemVersionNeeded,Compression
UnZipFile.OpenContainer,Compression
UnZipFile.OpenFile,Compression
UnZipFile.ReadAsFileContainer,Compression
UnZipFile.ReadAsGIFContainer,Compression
UnZipFile.ReadAsHex,Compression
UnZipFile.ReadAsJPEGContainer,Compression
UnZipFile.ReadAsPNGContainer,Compression
UnZipFile.ReadAsText,Compression
UnZipFile.ReadToFile,Compression
UnZipFile.UsePassword,Compression
Unregister,Plugin
Version,Plugin
VersionAutoUpdate,Plugin
WebPolicyDelegate.AddMimeType,WebView
WebPolicyDelegate.Install,WebView
WebPolicyDelegate.RemoveMimeType,WebView
WebRequest.GetBody,WebHook
WebRequest.GetBodyAsContainer,WebHook
WebRequest.GetBodySize,WebHook
WebRequest.GetHTTPMethod,WebHook
WebRequest.GetHTTPVersion,WebHook
WebRequest.GetHeaders,WebHook
WebRequest.GetHost,WebHook
WebRequest.GetLocalIP,WebHook
WebRequest.GetLocalPort,WebHook
WebRequest.GetMode,WebHook
WebRequest.GetRawData,WebHook
WebRequest.GetRemoteIP,WebHook
WebRequest.GetRemotePort,WebHook
WebRequest.GetSSL,WebHook
WebRequest.GetSize,WebHook
WebRequest.GetState,WebHook
WebRequest.GetTag,WebHook
WebRequest.GetURL,WebHook
WebRequest.GetWebHook,WebHook
WebRequest.List,WebHook
WebRequest.Release,WebHook
WebRequest.Send,WebHook
WebRequest.SetTag,WebHook
WebRequest.URLComponents,WebHook
WebView.Evaluate,Webview
WebView.GetAutoResizingMask,Webview
WebView.SetAutoResizingMask,Webview
Window.ConfigureToolbarMenu,Toolbar
Window.GetToolbarConfiguration,Toolbar
Window.GetToolbarCustomizationPaletteIsRunning,Toolbar
Window.GetToolbarVisible,Toolbar
Window.RunToolbarCustomizationPalette,Toolbar
Window.SetShowsToolbarButton,Toolbar
Window.SetToolbarConfiguration,Toolbar
Window.SetToolbarDisplayMode,Toolbar
Window.SetToolbarStyle,Toolbar
Window.SetToolbarVisible,Toolbar
Window.ShowsToolbarButton,Toolbar
X509.Description,Certificates
X509.Duplicate,Certificates
X509.IssuerName,Certificates
X509.List,Certificates
X509.Name,Certificates
X509.Read,Certificates
X509.ReadFromContainer,Certificates
X509.ReadFromFile,Certificates
X509.Release,Certificates
X509.ReleaseAll,Certificates
X509.SerialNumber,Certificates
X509.ShowDialog,Certificates
X509.SubjectName,Certificates
X509.ValidNotAfter,Certificates
X509.ValidNotBefore,Certificates
X509.Version,Certificates
X509.Write,Certificates
ZipFile.CRCFile,Compression
ZipFile.Close,Compression
ZipFile.CompressFiles,Compression
ZipFile.CreateFile,Compression
ZipFile.Open,Compression
ZipFile.SetCompressionLevel,Compression
ZipFile.UsePassword,Compression
ZipFile.WriteContainer,Compression
ZipFile.WriteFile,Compression
ZipFile.WriteHex,Compression
ZipFile.WriteText,Compression
